{
  "best_params": {
    "signal_skip_near_peak": false,
    "peak_lookback_days": 35,
    "peak_min_dist_from_high_pct": 0.031413475555593415,
    "dyn_rsi_trigger": 70.56383942554498,
    "signal_max_rsi": 84.33494956686158,
    "signal_max_vol_stress_z": 1.7296637865484417,
    "meta_eval_threshold": 0.17533472353532328,
    "mult_final_threshold_1": 1.3097221618712847,
    "mult_final_threshold_2": 1.463364970357729,
    "mult_final_threshold_3": 1.1020057195386184,
    "dyn_vvix_trigger": 7.379330707738263,
    "dyn_bb_pband_trigger": 1.0946438597386414,
    "signal_min_blue_sky_volume_z": 0.32438808947293296,
    "max_depth": 6,
    "min_child_weight": 92,
    "gamma": 3.281486501133931,
    "reg_alpha": 3.306227674803779e-08,
    "reg_lambda": 0.007831705571291042,
    "learning_rate": 0.024526281660359923,
    "n_estimators": 177,
    "subsample": 0.829649343123071,
    "colsample_bytree": 0.4312476108417796
  },
  "best_value": 40.0
}